rs#,alleles,chrom,pos,strand,assembly#,center,protLSID,assayLSID,panelLSID,QCcode,908619228007_F_1,908619228007_G_1,908619228007_H_1,908619228007_A_2,908619228007_B_2,908619228007_C_1,908619228007_D_1,908619228007_E_1,908619273018_A_1,908619273018_B_1,908619273018_C_1,908619273018_D_1,908619273018_E_1,908619273018_F_1,908619273018_G_1,908619273018_H_1,908619273018_A_2,908619260001_F_1,908619260001_G_1,908619260001_H_1,908619260001_A_2,908619260001_B_2,908619260001_C_2,908619260001_D_2,908619260001_E_2,908619260001_F_2,908619260001_G_2,908619260001_C_10,908619273018_B_2,908619260001_G_7,908619260001_A_9,908619260002_A_3,908619273019_D_4,908619260001_E_6,908619273019_C_8,908619260001_E_11,908619260002_G_1,908619260001_H_2,908619260001_A_3,908619260001_B_3,908619260001_C_3,908619260001_D_3,908619260001_E_3,908619260001_F_3,908619260001_G_3,908619260001_H_3,908619260001_A_4,908619273018_C_2,908619260002_B_3,908619273019_E_4,908619273019_D_8,908619260001_F_11,908619260001_B_4,908619260001_C_4,908619260001_D_4,908619260001_E_4,908619260001_F_4,908619260001_G_4,908619260003_A_9,908619260001_H_4,908619260003_B_9,908619260001_A_5,908619260003_C_9,908619260001_B_5,908619260003_D_9,908619260001_C_5,908619260003_E_9,908619273018_D_2,908619260002_C_3,908619273019_F_4,908619273019_E_8,908619260001_G_11,908619260003_F_9,908619260003_A_1,908619260003_B_1,908619260003_C_1,908619260003_D_1,908619260003_E_1,908619260003_F_1,908619260003_G_1,908619260003_H_1,908619260003_G_8,908619260003_H_9,908619273018_E_2,908619260002_D_3,908619273019_G_4,908619273019_F_8,908619260001_H_11,908619260003_A_2,908619260003_B_2,908619260003_C_2,908619260003_D_2,908619260003_E_2,908619260003_F_2,908619260003_G_2,908619260003_H_2,908619260003_A_3,908619260003_B_3,908619273018_F_2,908619260002_E_3,908619273019_H_4,908619273019_G_8,908619260003_C_3,908619260003_D_3,908619260003_E_3,908619260003_F_3,908619260003_G_3,908619260003_H_3,908619260003_A_4,908619260003_B_4,908619260003_C_4,908619260003_D_4,908619273018_G_2,908619260002_F_3,908619273019_A_5,908619273019_H_8,908619260003_E_4,908619260003_F_4,908619260003_G_9,908619260003_G_4,908619260003_H_4,908619260003_A_5,908619260003_B_5,908619260003_C_5,908619260003_D_5,908619260003_E_5,908619260003_F_5,908619273018_H_2,908619260002_G_3,908619273019_B_5,908619273019_A_9,908619260001_C_12,908619260003_G_5,908619260003_H_5,908619260003_A_6,908619260003_B_6,908619260003_C_6,908619260003_D_6,908619260003_E_6,908619260003_F_6,908619260003_G_6,908619260003_H_6,908619273018_A_3,908619260002_H_3,908619273019_C_5,908619273019_B_9,908619260003_A_7,908619260003_B_7,908619260003_C_7,908619260003_D_7,908619260003_E_7,908619260003_F_7,908619260003_G_7,908619260003_H_7,908619260003_H_8,908619260003_A_8,908619273018_B_3,908619260002_A_4,908619273019_D_5,908619273019_C_9,908619260003_B_8,908619260003_D_8,908619260003_E_8,908619260003_F_8,908619273018_C_3,908619260002_B_4,908619273019_E_5,908619273019_D_9,908619273019_B_2,908619260001_B_9,908619260001_F_6,908619260001_H_7,908619260002_H_1,908619273019_C_3,908619260001_D_5,908619273019_B_7,908619260001_D_10,908619260001_D_12,908619228007_A_1,908619273018_D_3,908619260002_C_4,908619273019_F_5,908619273019_E_9,908619273018_E_3,908619260002_D_4,908619273019_G_5,908619273019_F_9,908619273018_F_3,908619260002_E_4,908619273019_H_5,908619273019_G_9,908619273018_G_3,908619260002_F_4,908619273019_A_6,908619273019_H_9,908619273018_H_3,908619260002_G_4,908619273019_B_6,908619273019_A_10,908619273018_A_4,908619260002_H_4,908619273019_C_6,908619273019_B_10,908619273018_B_4,908619260002_A_5,908619273019_D_6,908619273019_C_10,908619273018_C_4,908619260002_B_5,908619273019_E_6,908619273019_D_10,908619273018_D_4,908619273019_F_6,908619273019_E_10,908619273018_E_4,908619260002_D_5,908619273019_G_6,908619273019_F_10,908619273019_C_2,908619260001_C_9,908619260001_G_6,908619260001_A_8,908619260002_A_2,908619273019_D_3,908619260001_E_5,908619273019_C_7,908619260001_E_10,908619260001_E_12,908619273018_F_4,908619260002_E_5,908619273019_H_6,908619273019_G_10,908619273018_G_4,908619260002_F_5,908619273019_A_7,908619273019_H_10,908619273018_H_4,908619260002_G_5,908619273019_A_11,908619273018_A_5,908619260002_H_5,908619273019_B_11,908619273018_B_5,908619260002_A_6,908619273019_C_11,908619273018_C_5,908619260002_B_6,908619273019_D_11,908619273018_D_5,908619260002_C_6,908619273019_E_11,908619273018_E_5,908619260002_D_6,908619273019_F_11,908619273018_F_5,908619260002_E_6,908619273019_G_11,908619273018_G_5,908619260002_F_6,908619273019_H_11,908619273019_D_2,908619260001_D_9,908619260001_H_6,908619260001_B_8,908619228007_B_1,908619260002_B_2,908619273019_E_3,908619260001_F_5,908619273019_D_7,908619260001_F_10,908619260001_F_12,908619273018_H_5,908619260002_G_6,908619273019_A_12,908619273018_A_6,908619260002_H_6,908619273019_B_12,908619273018_B_6,908619260002_A_7,908619273019_C_12,908619273018_C_6,908619260002_B_7,908619273019_D_12,908619273018_D_6,908619260002_C_7,908619273019_E_12,908619273018_E_6,908619260002_D_7,908619273019_F_12,908619273018_F_6,908619260002_E_7,908619273020_A_1,908619273018_G_6,908619260002_F_7,908619273020_B_1,908619273018_H_6,908619260002_G_7,908619273020_C_1,908619273018_A_7,908619260002_H_7,908619273020_D_1,908619273019_E_2,908619260001_E_9,908619260001_A_7,908619260001_C_8,908619260002_C_2,908619273019_F_3,908619260001_G_5,908619273019_E_7,908619260001_G_10,908619260002_A_1,908619273018_B_7,908619260002_A_8,908619273020_E_1,908619273018_C_7,908619260002_B_8,908619273020_F_1,908619273018_D_7,908619260002_C_8,908619273020_G_1,908619273018_E_7,908619260002_D_8,908619273020_H_1,908619273018_F_7,908619260002_E_8,908619273020_A_2,908619273018_G_7,908619260002_F_8,908619273020_B_2,908619273018_H_7,908619260002_G_8,908619273020_C_2,908619273018_A_8,908619260002_H_8,908619273020_D_2,908619273018_B_8,908619260002_A_9,908619273020_E_2,908619273018_C_8,908619260002_B_9,908619273020_F_2,908619273019_F_2,908619260001_F_9,908619260001_B_7,908619260001_D_8,908619260002_D_2,908619273019_G_3,908619260001_H_5,908619273019_F_7,908619260001_H_10,908619260002_B_1,908619273018_D_8,908619260002_C_9,908619273020_G_2,908619273018_E_8,908619260002_D_9,908619273018_F_8,908619260002_E_9,908619273020_A_3,908619273018_G_8,908619260002_F_9,908619273020_B_3,908619273018_H_8,908619260002_G_9,908619273020_C_3,908619273018_A_9,908619260002_H_9,908619273020_D_3,908619273018_B_9,908619260002_A_10,908619273020_E_3,908619273018_C_9,908619260002_B_10,908619273020_F_3,908619273018_D_9,908619260002_C_10,908619273020_G_3,908619273018_E_9,908619260002_D_10,908619273020_H_3,908619273019_G_2,908619260001_G_9,908619260001_C_7,908619260001_E_8,908619260002_E_2,908619273019_H_3,908619260001_A_6,908619273019_G_7,908619260001_A_11,908619260002_C_1,908619273018_F_9,908619260002_E_10,908619273020_A_4,908619273018_G_9,908619260002_F_10,908619273020_B_4,908619273018_H_9,908619260002_G_10,908619273020_C_4,908619273018_A_10,908619260002_H_10,908619273020_D_4,908619273018_B_10,908619260002_A_11,908619273020_E_4,908619273018_C_10,908619260002_B_11,908619273020_F_4,908619273018_D_10,908619260002_C_11,908619273020_G_4,908619273018_E_10,908619260002_D_11,908619273020_H_4,908619273018_F_10,908619260002_E_11,908619273020_A_5,908619273018_G_10,908619260002_F_11,908619273020_B_5,908619273019_H_2,908619260001_H_9,908619260001_D_7,908619260001_F_8,908619260002_F_2,908619273019_A_4,908619260001_B_6,908619273019_H_7,908619260001_B_11,908619260002_D_1,908619273018_H_10,908619260002_G_11,908619273020_C_5,908619273018_A_11,908619260002_H_11,908619273018_B_11,908619260002_A_12,908619273018_C_11,908619260002_B_12,908619273018_D_11,908619260002_C_12,908619273018_E_11,908619260002_D_12,908619273018_F_11,908619260002_E_12,908619273018_G_11,908619260002_F_12,908619273018_H_11,908619273019_A_1,908619273018_A_12,908619273019_B_1,908619273019_A_3,908619260001_A_10,908619260001_E_7,908619260001_G_8,908619260002_G_2,908619273019_B_4,908619260001_C_6,908619273019_A_8,908619260001_C_11,908619260002_E_1,908619273018_B_12,908619273019_C_1,908619273018_C_12,908619273019_D_1,908619273018_D_12,908619273019_E_1,908619273018_E_12,908619273019_F_1,908619273018_F_12,908619273019_G_1,908619260001_A_1,908619273019_H_1,908619260001_B_1,908619273019_A_2,908619260001_C_1,908619260001_D_1,908619260001_E_1,908619273019_B_3,908619260001_B_10,908619260001_F_7,908619260001_H_8,908619260002_H_2,908619273019_C_4,908619260001_D_6,908619273019_B_8,908619260001_D_11,908619260002_F_1
101955128|F|0-13:A>G-13:A>G,A/G,13:A>G,13,NA,NA,NA,NA,NA,NA,NA,NN,AA,NN,NN,NN,NN,AA,AA,AA,NN,AA,AA,AA,AA,AA,AA,AA,AA,AA,AA,AA,AA,AA,AA,AA,AA,AA,AA,AA,NN,NN,NN,NN,NN,NN,NN,AA,AA,AA,AA,AA,NN,NN,AA,AA,AA,AA,AA,AA,NN,AA,NN,AA,AA,AA,AA,NN,AA,AA,NN,AA,AA,AA,AA,AA,AA,AA,AA,AA,NN,NN,AA,AA,AA,AA,AA,AA,NN,NN,AA,NN,AA,AA,AA,NN,NN,NN,NN,AA,NN,NN,NN,AA,NN,AA,AA,NN,AA,AA,NN,NN,NN,NN,NN,AA,AA,NN,NN,NN,NN,NN,NN,AA,AA,AA,NN,NN,AA,AA,AA,AA,AA,NN,AA,NN,NN,AA,NN,NN,NN,AA,NN,NN,NN,NN,AA,AA,AA,NN,AA,NN,NN,AA,AA,AA,AA,AA,NN,AA,AA,AA,NN,AA,AA,NN,NN,AA,AA,NN,NN,AA,NN,AA,NN,AA,AA,NN,NN,GG,NN,AA,NN,AA,AA,AA,NN,NN,AA,NN,AA,AA,NN,AA,AA,AA,NN,NN,AA,AA,NN,NN,NN,NN,NN,NN,AA,AA,NN,NN,AA,NN,NN,AA,AA,AA,NN,NN,AA,AA,AA,NN,AA,AA,NN,AA,NN,AA,NN,GG,AA,NN,AA,AA,AA,NN,AA,AA,AA,AA,AA,AA,NN,AA,AA,NN,NN,NN,NN,NN,AA,NN,NN,AA,NN,NN,NN,AA,AA,AA,AA,AA,AA,AA,AA,AA,NN,AA,AA,AA,AA,NN,NN,AA,NN,NN,AA,AA,AA,AA,AA,AA,AA,AA,NN,AA,AA,AA,AA,AA,NN,NN,AA,AA,AA,AA,AA,NN,NN,AA,AA,AA,AA,AA,AA,NN,AA,AA,AA,NN,AA,AA,GG,NN,AA,AA,AA,AA,AA,AA,NN,AA,AA,AA,AA,NN,NN,AA,NN,AA,NN,AA,AA,AA,AA,NN,AA,AA,AA,NN,AA,AA,NN,AA,AA,AA,AA,AA,AA,NN,AA,NN,NN,AA,NN,AA,AA,NN,AA,NN,NN,AA,NN,AA,AA,AA,GG,AA,GG,NN,AA,GG,AA,AA,GG,AA,AA,GG,NN,AA,NN,AA,AA,NN,NN,NN,NN,AA,NN,NN,NN,GG,AA,NN,AA,AA,AA,AA,AA,NN,AA,AA,NN,NN,AA,NN,NN,AA,NN,NN,NN,NN,NN,NN,GG,AA,AA,NN,NN,AA,NN,AA,AA,GG,AA,AA,NN,AA,NN,NN,AA,NN,AA,AA,NN,AA,NN,AA,NN,NN,AA,AA,NN,NN,NN,NN,AA,NN,AA,NN,NN,GG,AA,GG,AA,NN,AA,GG,AA,NN,NN,NN,GG,AA,NN,NN,AA,NN,AA,AA,AA,AA,AA,NN,AA,GG,AA,GG,AA,GG,AA,GG,AA,GG,AA,NN,AA,AA,AA,GG,AA,NN,NN,NN,NN,AA,NN,NN,AA
101955139|F|0-33:A>T-33:A>T,A/T,33:A>T,33,NA,NA,NA,NA,NA,NA,NA,AA,NN,NN,NN,AA,NN,NN,AA,NN,AA,NN,AA,AA,AA,AA,AA,NN,AA,NN,AA,AA,AA,AA,AA,AA,AA,AA,AA,AA,NN,NN,NN,NN,AA,NN,AA,AA,AA,AA,AA,NN,AA,NN,AA,AA,NN,AA,NN,AA,NN,NN,NN,AA,AA,AA,AA,AA,AA,NN,NN,NN,AA,AA,AA,AA,AA,AA,AA,NN,AA,AA,AA,NN,AA,AA,AA,AA,NN,AA,NN,AA,AA,AA,AA,NN,NN,NN,AA,AA,AA,NN,AA,AA,NN,NN,AA,NN,AA,AA,NN,NN,NN,AA,AA,AA,AA,NN,NN,NN,AA,NN,AA,AA,AA,NN,AA,AA,AA,AA,NN,NN,AA,NN,NN,AA,AA,AA,NN,NN,NN,AA,NN,AA,NN,NN,AA,AA,AA,AA,AA,AA,NN,AA,NN,NN,AA,AA,NN,NN,NN,NN,NN,AA,AA,AA,NN,NN,AA,NN,NN,NN,NN,AA,NN,AA,AA,NN,NN,NN,AA,NN,AA,NN,AA,AA,AA,NN,AA,AA,AA,NN,AA,NN,AA,AA,NN,NN,AA,AA,AA,NN,NN,AA,NN,AA,NN,AA,NN,NN,AA,NN,NN,NN,NN,NN,NN,NN,AA,AA,AA,NN,NN,AA,NN,NN,NN,AA,NN,NN,AA,NN,NN,AA,AA,NN,AA,NN,NN,AA,NN,AA,NN,AA,AA,AA,NN,AA,AA,AA,NN,AA,NN,AA,AA,NN,NN,NN,NN,NN,AA,NN,AA,NN,NN,NN,AA,AA,AA,NN,AA,NN,AA,NN,NN,NN,NN,AA,AA,NN,NN,AA,AA,AA,NN,NN,AA,NN,NN,AA,NN,AA,NN,NN,NN,AA,NN,NN,NN,NN,NN,AA,AA,NN,AA,NN,NN,NN,AA,NN,AA,AA,NN,NN,NN,NN,NN,NN,NN,NN,AA,AA,NN,AA,AA,NN,NN,AA,NN,AA,NN,AA,NN,AA,NN,AA,NN,NN,AA,NN,NN,AA,AA,NN,AA,NN,AA,AA,NN,AA,AA,NN,NN,AA,NN,NN,AA,NN,AA,NN,AA,AA,NN,AA,AA,AA,NN,NN,NN,NN,AA,NN,NN,NN,AA,NN,AA,AA,NN,NN,NN,NN,NN,NN,NN,NN,NN,NN,AA,NN,NN,NN,AA,NN,NN,AA,NN,AA,AA,AA,NN,AA,NN,NN,AA,NN,NN,NN,NN,AA,NN,NN,AA,NN,NN,AA,NN,NN,NN,NN,AA,AA,AA,AA,AA,AA,TT,NN,NN,AA,NN,NN,AA,NN,NN,AA,NN,AA,AA,NN,AA,AA,TT,NN,NN,AA,NN,NN,NN,AA,AA,AA,AA,NN,NN,NN,AA,NN,NN,NN,NN,NN,NN,AA,NN,NN,AA,NN,AA,AA,AA,AA,NN,NN,NN,AA,AA,AT,NN,NN,AA,AA,AA,AA,AA,NN,AA,AA,AA,NN,NN,NN,NN,AA,NN,AA,NN,AA,AA
101955164|F|0-64:G>A-64:G>A,G/A,64:G>A,64,NA,NA,NA,NA,NA,NA,NA,GG,GG,NN,NN,NN,NN,GG,NN,GG,GG,GG,GG,GG,GG,NN,NN,GG,GG,NN,NN,NN,NN,GG,GG,NN,NN,NN,NN,NN,GG,NN,GG,NN,GG,NN,NN,NN,GG,GG,NN,GG,NN,GG,GG,GG,NN,NN,NN,NN,GG,NN,NN,NN,NN,GG,GG,NN,NN,NN,NN,GG,NN,GG,GG,GG,NN,NN,NN,GG,NN,NN,GG,GG,GG,GG,NN,NN,GG,GG,GG,NN,NN,NN,NN,NN,NN,NN,NN,GG,GG,GG,GG,GG,GG,NN,NN,NN,GG,GG,NN,NN,NN,NN,GG,GG,NN,NN,NN,NN,NN,NN,NN,GG,GG,GG,GG,GG,GG,GG,GG,NN,GG,GG,GG,GG,NN,GG,GG,NN,GG,GG,NN,GG,GG,NN,NN,GG,GG,GG,NN,GG,NN,GG,GG,NN,GG,NN,NN,NN,NN,NN,NN,GG,NN,NN,NN,GG,GA,GG,GG,GG,GG,GG,NN,GG,NN,GG,GG,NN,NN,GG,GG,GG,GG,NN,GG,NN,GG,GG,GG,GG,GG,NN,GG,NN,GG,NN,GG,NN,NN,GG,GG,GG,NN,GG,NN,NN,NN,NN,GG,NN,NN,NN,GG,NN,NN,NN,NN,NN,GG,NN,GG,NN,NN,GG,GG,GG,NN,NN,NN,NN,NN,GG,GG,NN,NN,GG,GG,GG,GG,NN,NN,GG,GG,GG,NN,GG,GG,GG,NN,GG,GG,GG,NN,NN,GG,GG,GG,NN,GG,NN,NN,GG,GG,GG,NN,NN,NN,GG,GG,NN,GG,NN,NN,NN,GG,GG,GG,NN,GG,NN,GG,GG,GG,NN,GG,GG,GG,GG,GG,NN,GG,NN,GG,NN,GG,GG,GG,GG,NN,GG,GG,GG,GG,NN,NN,GG,GG,NN,GG,NN,NN,NN,GG,GG,GG,NN,GG,GG,NN,NN,GG,GG,GG,GG,NN,NN,GG,NN,GG,GG,NN,NN,GG,GG,GG,GG,GG,NN,NN,GG,NN,NN,GG,NN,NN,GG,GG,GG,GG,GG,NN,GG,GG,NN,GG,GG,NN,NN,GG,NN,GG,GG,NN,GG,NN,GG,NN,GG,NN,NN,GG,NN,NN,NN,GG,NN,GG,GG,NN,NN,GG,NN,GG,GG,NN,NN,GG,NN,NN,NN,NN,NN,NN,GG,GG,GG,NN,GG,NN,GG,NN,GG,GG,NN,NN,GG,NN,NN,GG,NN,GG,GG,NN,GG,GG,NN,GG,GG,NN,GG,GG,NN,GG,GG,NN,GG,NN,NN,GG,NN,GA,NN,NN,GG,NN,NN,GG,GG,GG,GG,NN,NN,GG,NN,GG,NN,GG,NN,GG,NN,GG,NN,GG,NN,GG,NN,GG,NN,NN,NN,NN,GG,GG,NN,GG,GG,NN,NN,NN,GG,NN,NN,GG,NN,NN,NN,GG,NN,GG,NN,NN,NN,NN,NN,GG,GG,NN,NN,GG,NN,NN,NN,GG,GG,GG,NN,NN
101955175|F|0-67:G>A-67:G>A,G/A,67:G>A,67,NA,NA,NA,NA,NA,NA,NA,NN,NN,NN,NN,NN,GG,NN,NN,NN,GG,GG,NN,GG,GG,NN,NN,GG,GG,NN,GG,GG,GG,GG,GG,GG,GG,GG,GG,NN,GG,GG,GG,NN,GG,NN,GG,GG,GG,NN,GG,GG,GG,NN,NN,GG,GG,GG,GG,GG,NN,NN,GG,GG,GG,GG,NN,NN,GG,GG,GG,NN,GG,GG,NN,GG,NN,GG,GG,GG,NN,NN,NN,GG,GG,GG,GG,GG,NN,GG,GG,GG,NN,GG,GG,GG,NN,NN,NN,NN,NN,NN,NN,NN,GG,NN,NN,NN,GG,GG,GG,GG,NN,GG,GG,NN,GG,NN,NN,NN,NN,NN,GG,NN,GG,NN,NN,GG,GG,NN,NN,NN,GG,GG,GG,GG,NN,NN,GG,GG,NN,NN,GG,GG,NN,NN,NN,GG,GG,GG,GG,NN,GG,NN,GG,NN,NN,NN,NN,NN,GG,NN,GG,GG,GG,GG,NN,GG,GG,GG,NN,GG,NN,GG,GG,GG,NN,NN,NN,NN,GG,GG,GG,GG,GG,GG,NN,GG,GG,NN,NN,GG,NN,GG,GG,GG,GG,GG,GG,GG,NN,NN,NN,GG,NN,NN,GG,GG,NN,NN,NN,GG,NN,NN,GG,GG,NN,NN,GG,GG,NN,NN,NN,NN,NN,GG,GG,NN,NN,NN,GG,GG,GG,GG,NN,NN,NN,GG,GG,NN,GG,GG,NN,NN,GG,NN,NN,GG,GG,NN,NN,GG,NN,NN,GG,NN,NN,GG,NN,GG,GG,NN,NN,GG,NN,GG,GG,NN,GG,GG,NN,GG,GG,GG,GG,NN,GG,NN,GG,NN,GG,GG,GG,GG,NN,GG,GG,GG,NN,GG,NN,NN,GG,NN,NN,GG,NN,NN,GG,NN,GG,GG,NN,GG,GG,NN,NN,GG,NN,GG,GG,NN,GG,NN,GG,GG,GG,NN,GG,NN,GG,GG,GG,GG,NN,NN,GG,NN,NN,GG,NN,NN,GG,NN,NN,GG,NN,NN,GG,NN,NN,GG,NN,GG,GG,NN,NN,GG,NN,GG,GG,NN,GG,GG,NN,GG,GG,GG,NN,NN,GG,GG,GG,GG,NN,GG,NN,GG,GG,GG,NN,GG,NN,NN,GG,NN,GG,GG,NN,NN,GG,GG,NN,GG,NN,NN,NN,NN,GG,NN,NN,GG,GG,GG,GG,GG,NN,GG,GG,GG,GG,NN,GG,NN,NN,GG,NN,GG,GG,NN,GG,GG,NN,NN,GG,NN,NN,GG,NN,NN,NN,NN,NN,GG,NN,GG,GG,NN,NN,GG,NN,NN,GG,GG,GG,GG,NN,GG,NN,NN,GA,NN,GG,NN,NN,GG,GG,NN,GG,GG,GG,GG,NN,GG,NN,GG,NN,GG,NN,NN,GG,NN,NN,GG,GG,NN,GG,NN,GG,NN,GG,GG,NN,NN,NN,GG,NN,NN,NN,NN,NN,NN,GG,NN,GG,GG,GG,GG,NN,GG,GG,GG,GG,GG,NN,GG,NN,GG,GG
101955201|F|0-51:A>G-51:A>G,A/G,51:A>G,51,NA,NA,NA,NA,NA,NA,NA,AA,AA,AA,AA,AA,AA,AA,AA,AA,AA,AA,AA,AA,AA,AA,AA,AA,AA,AA,AA,AA,AA,AA,AA,AA,AA,AA,AA,AA,AA,AA,AA,AA,AA,AA,AA,AA,AA,AA,AA,AA,AA,AA,AA,AA,AA,AA,AA,AA,AA,AA,AA,AA,AA,AA,AA,AA,AA,AA,AA,AA,AG,AA,AA,AA,AA,AA,AA,AA,NN,AA,AA,AA,AG,AA,AA,AA,AA,AA,AA,AA,AA,AA,AA,NN,NN,AA,AA,AA,AA,NN,AA,AA,AA,AA,AA,AA,AA,AA,AA,AA,AA,AA,AA,AA,AA,AA,NN,NN,AA,NN,NN,AA,AA,AA,AA,AA,AA,AA,AA,AA,AA,AA,AA,AA,AA,AA,AA,NN,AA,AA,AA,NN,NN,NN,AA,AA,AA,AA,AA,AA,AA,AA,AA,AA,AA,AA,NN,AA,AA,AA,AA,AA,AA,AA,AA,AA,AA,NN,AA,AA,AA,AA,AA,AA,AA,AA,NN,NN,AA,AA,AA,AA,AA,AA,AA,AA,AA,AA,AA,AA,AA,AA,AA,AA,AA,AA,AA,AA,NN,AA,AA,AA,AA,AA,AA,AA,AA,NN,NN,AA,NN,NN,AA,AA,AA,AA,AA,AA,AA,NN,AA,AA,NN,AA,AA,AA,NN,NN,AA,NN,AA,AA,AA,AA,AA,NN,NN,AA,AA,AA,AA,AA,AA,AA,AA,NN,AA,NN,NN,AA,AA,AA,AA,AA,AA,AG,AA,AA,AA,AA,AA,AA,AA,AA,NN,AA,AA,AA,AA,NN,AA,AA,AA,AA,AA,AA,AA,AA,AA,AA,AA,AA,AA,AA,AA,AA,AA,AA,AA,AA,AA,AA,AA,NN,AA,AA,AA,AA,AA,AA,AA,AA,AA,AA,NN,AA,AA,NN,AA,AA,NN,AA,AA,AA,AA,AA,AA,NN,NN,AA,AA,AA,AA,AA,NN,AA,AA,AA,AA,AA,AA,AA,AA,AA,AA,AA,AA,AA,AA,AA,AA,AA,AA,AA,AA,AA,AA,AA,AA,NN,NN,AA,NN,AA,AA,NN,AA,AA,AA,AA,AA,AA,AA,AA,NN,AA,NN,NN,AA,NN,NN,AA,NN,AA,AA,NN,AA,AA,NN,AA,AA,NN,AA,AA,NN,AA,NN,NN,AA,NN,AA,NN,AA,AA,NN,AA,AA,AA,AA,AA,NN,AA,AA,NN,AA,AA,NN,NN,AA,NN,NN,AA,NN,AA,AA,NN,AA,AA,NN,AA,AA,NN,AA,AA,NN,AA,AA,NN,AA,NN,AA,AA,AA,AA,AA,AA,AA,AA,AA,AA,NN,AA,AA,NN,AA,NN,AA,NN,AA,NN,AA,NN,AA,NN,AA,NN,AA,NN,NN,NN,NN,AA,AA,NN,AA,NN,AA,AA,AA,AA,AA,NN,AA,NN,AA,NN,AA,NN,AA,NN,AA,NN,AA,NN,AA,AA,AA,AA,AA,NN,AA,AA,AA,AA,AA,AA,AA
101955316|F|0-8:T>C-8:T>C,T/C,8:T>C,8,NA,NA,NA,NA,NA,NA,NA,NN,NN,NN,NN,NN,NN,NN,NN,TT,NN,NN,TT,TT,TT,TT,TT,NN,TT,CC,NN,TT,TT,TT,TC,TC,TT,TC,TT,TT,NN,TT,NN,TT,NN,TT,NN,TT,TT,TT,TT,NN,TC,CC,TT,TT,NN,TT,TT,TT,NN,TT,TT,TT,TT,TT,TC,TT,NN,NN,TT,TT,TT,NN,TT,TT,TT,TT,TT,NN,NN,NN,TT,TT,NN,TT,TT,TT,TT,TT,NN,TT,TT,TT,NN,TT,NN,TT,TT,NN,TT,NN,TT,TT,TT,TT,TT,TT,TT,TT,NN,TT,TT,TC,TT,TT,TT,TT,NN,NN,NN,TT,TT,TT,TT,NN,TT,NN,NN,NN,TT,TT,TT,TT,NN,NN,NN,NN,TT,NN,TT,TT,NN,NN,TT,TT,NN,NN,NN,TT,NN,NN,NN,TT,TT,NN,TT,TT,NN,TT,TT,NN,NN,TT,TT,TT,TT,TT,TT,TT,TT,TT,NN,NN,TT,TT,NN,NN,TT,NN,TT,NN,NN,TT,TT,TT,NN,TT,TT,NN,TT,TT,NN,TT,NN,TT,TT,NN,TT,TT,NN,NN,TT,NN,TT,TT,TT,TT,NN,NN,TT,TT,TT,NN,TT,TT,NN,NN,TT,TT,TT,NN,NN,CC,NN,TT,TT,TT,NN,NN,TT,NN,NN,TT,TT,NN,NN,TT,TT,TT,TT,TT,NN,NN,TT,NN,TT,NN,TT,TT,TT,NN,NN,TT,TT,TT,TT,TT,TT,TT,TT,TT,TT,TT,TT,NN,NN,TT,TT,TT,TT,NN,TT,NN,NN,NN,TT,TT,TT,TT,TT,TT,TT,TT,TT,TT,NN,TT,TT,TT,NN,TT,TT,TT,NN,TT,TT,NN,TT,NN,TT,TT,TT,TT,TT,TT,NN,TT,TT,TT,TT,NN,NN,TT,NN,TT,TT,TT,TT,TT,NN,NN,TT,NN,TT,NN,NN,TT,TT,TT,TT,NN,TT,NN,TT,NN,TT,TT,NN,TT,TT,TT,TT,TT,TT,NN,TT,NN,NN,TT,TT,TT,NN,NN,TT,NN,TT,NN,TT,TT,NN,TT,TT,NN,TT,TT,NN,TT,NN,TT,TT,NN,NN,TT,NN,NN,TT,NN,NN,NN,NN,NN,TT,NN,TT,TT,NN,TT,TT,NN,TT,NN,TT,NN,NN,TT,TT,TT,TT,TT,NN,TT,NN,NN,TT,NN,NN,TT,NN,NN,TT,NN,TT,TT,NN,TT,TT,NN,NN,NN,NN,TT,TT,NN,TT,TT,NN,NN,TT,NN,TT,NN,NN,NN,NN,TT,NN,TT,NN,NN,TT,TT,NN,TT,TT,NN,TT,NN,TT,NN,TT,NN,TT,NN,NN,NN,TT,NN,TT,NN,NN,NN,NN,CC,NN,NN,TT,NN,TT,TT,TT,TT,NN,NN,TT,NN,TT,NN,TT,NN,NN,NN,TT,NN,TT,NN,CC,TT,TT,NN,NN,NN,NN,TT,NN,TT,TT,NN,TT
101955373|F|0-62:A>G-62:A>G,A/G,62:A>G,62,NA,NA,NA,NA,NA,NA,NA,NN,NN,NN,NN,AA,NN,AA,AA,AA,AA,AA,AA,NN,NN,AA,NN,NN,AA,AA,AA,AA,NN,NN,NN,NN,NN,NN,NN,NN,AA,NN,AA,AA,NN,NN,NN,AA,AA,NN,AA,NN,AA,NN,NN,NN,NN,NN,AA,AA,NN,AA,NN,AA,AA,NN,NN,AA,AA,AA,NN,AA,AA,AA,NN,AA,NN,NN,NN,NN,AA,NN,NN,NN,NN,NN,NN,NN,AA,AA,AA,AA,NN,NN,AA,AA,NN,AA,NN,NN,NN,NN,AA,NN,NN,NN,NN,NN,NN,NN,NN,NN,NN,NN,NN,NN,NN,NN,NN,NN,NN,NN,NN,AA,AA,NN,AA,AA,NN,NN,AA,AA,AA,AA,AA,NN,AA,AA,AA,NN,AA,AA,NN,AA,NN,NN,AA,AA,NN,NN,AA,NN,NN,AA,NN,AA,AA,AA,NN,NN,AA,NN,NN,NN,NN,NN,NN,AA,AA,AA,AA,NN,NN,NN,NN,NN,AA,NN,AA,NN,NN,AA,NN,AA,AA,NN,AA,NN,AA,NN,NN,AA,NN,NN,NN,AA,AA,NN,NN,AA,NN,NN,NN,AA,NN,NN,AA,AA,AA,NN,NN,NN,NN,NN,NN,AA,NN,NN,AA,AG,NN,NN,NN,AA,NN,AA,AA,AA,NN,NN,AA,AA,NN,AA,NN,NN,AA,NN,AA,NN,AA,NN,NN,AA,NN,NN,AA,AA,NN,NN,AA,AA,NN,AA,AA,AA,AA,NN,AA,NN,AA,NN,AA,AA,AA,AA,AA,AA,NN,NN,AA,NN,AA,NN,NN,NN,AA,NN,AA,AA,NN,AA,AA,AA,AA,NN,AA,AA,AA,AA,NN,AA,AA,AA,AA,NN,NN,AA,AA,AA,AA,AA,NN,AA,NN,AA,AA,AA,AA,AA,AA,AA,NN,NN,AA,NN,AA,AA,AA,AA,NN,NN,AA,AA,AA,NN,AA,AA,NN,AA,NN,AA,AA,AA,AA,AA,AA,AA,NN,AA,AA,NN,NN,NN,NN,AA,AA,NN,NN,NN,AA,AA,NN,AA,NN,NN,AA,AA,AA,AA,AA,AA,NN,AA,AA,NN,NN,AA,NN,AA,AA,NN,AA,AA,NN,NN,NN,NN,AA,AA,NN,AA,AA,NN,AA,NN,NN,AA,NN,NN,NN,NN,AA,AA,NN,AA,NN,AA,AA,NN,AA,AA,NN,NN,NN,NN,NN,NN,NN,NN,NN,NN,AA,NN,NN,AA,NN,NN,AA,AA,NN,AA,AA,NN,NN,NN,NN,NN,NN,NN,NN,NN,AA,AA,NN,AA,AA,AA,NN,NN,AA,AA,NN,AA,AA,NN,NN,NN,NN,NN,AA,NN,AA,NN,AA,NN,NN,NN,NN,NN,NN,NN,NN,AA,NN,NN,AA,NN,NN,AA,NN,AA,NN,NN,NN,NN,AA,NN,AA,NN,NN,NN,AA,NN,AA,NN,AA,AA,AA,NN,AA,AA,NN,AA,AA,AA,AA,NN,AA
101955405|F|0-64:G>C-64:G>C,G/C,64:G>C,64,NA,NA,NA,NA,NA,NA,NA,CC,CC,NN,CC,NN,NN,CC,CC,NN,CC,NN,CC,NN,CC,CC,CC,CC,CC,GC,CC,GC,GC,CC,GC,CC,CC,GC,CC,NN,CC,NN,CC,NN,CC,CC,NN,CC,GC,CC,CC,CC,CC,CC,CC,CC,CC,GC,NN,CC,NN,NN,NN,CC,CC,CC,NN,CC,CC,CC,CC,CC,CC,CC,CC,CC,GC,CC,CC,CC,NN,NN,NN,CC,CC,NN,CC,CC,NN,NN,NN,CC,CC,CC,NN,CC,NN,NN,CC,CC,NN,CC,CC,CC,NN,CC,NN,NN,CC,CC,NN,NN,CC,CC,CC,CC,CC,CC,NN,NN,CC,CC,CC,CC,CC,NN,NN,NN,CC,NN,CC,NN,CC,NN,NN,CC,CC,CC,CC,NN,NN,NN,CC,NN,NN,NN,CC,NN,CC,NN,CC,CC,CC,CC,CC,NN,CC,CC,NN,CC,CC,CC,NN,CC,CC,NN,NN,CC,CC,NN,NN,CC,CC,CC,CC,CC,CC,NN,NN,NN,NN,CC,CC,CC,CC,NN,NN,CC,CC,CC,CC,CC,NN,CC,CC,NN,CC,NN,NN,CC,NN,NN,CC,NN,CC,NN,CC,CC,NN,NN,NN,CC,CC,NN,NN,CC,CC,NN,NN,CC,CC,NN,NN,NN,NN,NN,CC,CC,NN,NN,CC,NN,NN,CC,CC,NN,CC,NN,CC,CC,CC,CC,NN,CC,CC,NN,NN,CC,CC,NN,NN,CC,CC,CC,NN,NN,NN,CC,CC,CC,NN,NN,NN,NN,CC,CC,CC,NN,NN,CC,CC,NN,CC,CC,CC,NN,CC,CC,CC,NN,CC,CC,CC,CC,NN,NN,CC,NN,CC,CC,CC,CC,CC,NN,CC,NN,CC,NN,CC,NN,NN,CC,CC,NN,CC,CC,CC,CC,NN,CC,CC,CC,NN,NN,CC,CC,CC,NN,CC,CC,NN,CC,CC,CC,CC,CC,CC,CC,CC,CC,CC,CC,CC,CC,NN,CC,CC,CC,CC,CC,CC,CC,NN,CC,CC,NN,NN,CC,NN,NN,CC,CC,NN,CC,NN,GG,CC,NN,CC,CC,CC,CC,CC,CC,CC,CC,NN,NN,NN,CC,NN,NN,CC,NN,NN,NN,NN,NN,CC,NN,NN,NN,NN,NN,CC,NN,NN,CC,CC,NN,NN,NN,CC,NN,NN,NN,CC,CC,CC,CC,CC,CC,NN,NN,CC,NN,NN,NN,NN,NN,CC,NN,NN,CC,NN,NN,CC,NN,CC,NN,NN,NN,CC,NN,NN,CC,NN,CC,NN,NN,CC,NN,CC,CC,NN,CC,CC,CC,CC,NN,CC,NN,NN,NN,CC,NN,CC,NN,NN,NN,CC,NN,NN,NN,CC,NN,CC,NN,CC,NN,NN,NN,NN,CC,NN,NN,CC,NN,CC,CC,CC,CC,NN,NN,CC,NN,CC,NN,NN,NN,GG,NN,CC,NN,CC,NN,CC,CC,CC,NN,NN,CC,NN,CC,NN,CC,CC,NN,NN
101955407|F|0-66:A>G-66:A>G,A/G,66:A>G,66,NA,NA,NA,NA,NA,NA,NA,AA,AA,NN,AA,AA,AA,AA,AA,AA,AA,AA,AA,AA,AA,AA,AA,AA,AA,AA,AA,AA,AA,AA,AA,AA,AA,AA,AA,AA,NN,AA,AA,AA,NN,NN,AA,AA,AA,AA,AA,AA,AA,AA,AA,AA,AA,AA,AA,AA,NN,AA,AA,AA,AA,AA,AA,AA,AA,AA,AA,AA,AA,AA,AA,AA,AA,AA,AA,NN,NN,AA,AA,AA,AA,AA,AA,AA,NN,AA,AA,AA,AA,AA,AA,AA,AA,AA,NN,AA,AA,AA,AA,AA,NN,NN,AA,NN,AA,AA,AA,AA,AA,AA,AA,AA,NN,AA,NN,NN,AA,NN,NN,AA,NN,NN,AA,NN,NN,AA,AA,AA,AA,AA,AA,NN,AA,AA,AA,NN,AA,AA,AA,AA,AA,NN,NN,AA,NN,AA,AA,NN,NN,AA,AA,AA,AA,NN,AA,AA,AA,AA,NN,AG,AA,AA,NN,AA,AA,AA,AA,AA,AA,AA,AA,AA,AA,AA,AA,NN,NN,AA,AA,AA,AA,AA,AA,AA,AA,AA,AA,AA,NN,AA,AA,AA,NN,NN,AA,AA,NN,NN,AA,AA,AA,AA,AA,AA,AA,AA,AA,AA,NN,NN,AA,AA,NN,NN,AA,AG,AA,NN,AA,AA,AA,AA,AA,AA,NN,NN,AA,NN,AA,AA,AA,NN,AA,NN,AA,AA,AA,AA,AA,AA,AA,AA,AA,AA,AA,AA,AA,AA,AA,AA,AA,AA,AA,AA,AA,AA,AA,NN,AA,AA,AA,AA,NN,AA,AA,AA,AA,NN,AA,AA,NN,NN,AA,AA,AA,AA,AA,AA,AA,AA,NN,AA,AA,AA,AA,AA,AA,AA,AA,AA,AA,AA,AA,AA,AA,NN,AA,AA,AA,AA,AA,AA,AA,AA,AA,AA,AA,AA,NN,AA,AA,AA,AA,AA,AA,AA,NN,AA,AA,AA,AA,AA,NN,AA,AA,AA,AA,AA,AA,AA,AA,AA,AA,AA,AA,AA,AA,AA,AA,AA,AA,AA,AA,AA,AA,AA,AA,AA,NN,AA,NN,AA,AA,AA,AA,AA,AA,AA,AA,AA,AA,AA,NN,AA,NN,NN,AA,NN,AA,AA,NN,AA,NN,NN,AA,NN,NN,NN,AA,NN,AA,AA,NN,AA,AA,NN,AA,NN,AA,NN,AA,AA,AA,AA,AA,AA,AA,AA,NN,NN,NN,NN,NN,AA,NN,AA,AA,NN,AA,AA,NN,AA,AA,NN,AA,AA,NN,AA,AA,NN,AA,AA,NN,AA,AA,NN,AA,NN,AA,NN,AA,AA,NN,AA,AA,NN,AA,AA,NN,AA,AA,NN,AA,NN,AA,NN,AA,NN,AA,NN,AA,NN,AA,NN,AA,NN,AA,NN,NN,AA,NN,NN,AA,AA,AA,AA,AA,AA,AA,NN,AA,NN,AA,NN,NN,NN,AA,NN,AA,NN,AA,NN,AA,AA,AA,NN,AA,AA,NN,AA,NN,AA,AA,AA,AA
101955408|F|0-8:A>G-8:A>G,A/G,8:A>G,8,NA,NA,NA,NA,NA,NA,NA,AA,AA,AA,NN,NN,AA,AA,AA,AG,AA,AA,AA,AA,AA,AA,AA,AA,AA,AA,AA,AA,AA,AA,AA,AA,AA,AA,AA,NN,AA,NN,NN,NN,AA,AA,NN,AA,AA,AA,AA,AA,AA,AA,NN,NN,AA,AA,NN,AA,NN,NN,AA,AA,AA,AA,NN,AA,AA,AA,AA,AA,AA,AA,AA,AA,AA,AA,AA,NN,AA,NN,NN,NN,AA,AA,AA,AA,NN,AG,NN,NN,AA,AG,AA,AA,AA,AA,AA,NN,AA,NN,AA,AA,NN,NN,AA,AA,AA,AA,AA,AA,AA,AA,AA,AA,NN,AA,NN,NN,AA,NN,NN,AA,AA,AA,AA,AA,AA,AG,AA,NN,NN,NN,GG,AA,NN,AA,AA,NN,AA,AA,NN,AA,NN,NN,AA,AA,NN,NN,AA,AA,NN,NN,AG,AA,AA,AA,NN,AA,NN,AA,AA,AA,AA,AA,AA,AA,AA,AA,NN,AA,AA,AA,AA,AA,AA,AA,NN,AA,NN,NN,AA,AA,AA,NN,AA,AA,NN,AA,AA,AA,NN,NN,AG,AA,NN,NN,AA,AA,NN,AA,AA,AA,NN,AA,AG,AA,NN,NN,NN,AA,AA,NN,NN,NN,AA,NN,AA,AA,AA,NN,AA,NN,NN,AA,AA,AA,NN,NN,AA,NN,AA,AA,AA,NN,AA,NN,AA,AA,AA,AA,NN,NN,AA,NN,AA,AA,AA,NN,NN,AA,NN,AA,AA,AA,NN,AA,AG,AA,AA,AA,NN,AA,NN,NN,NN,NN,NN,AA,AA,NN,AA,NN,AA,AA,AA,AA,GG,AA,AA,AA,AA,AA,NN,NN,AA,AA,AA,AA,NN,AA,AA,NN,NN,AA,AA,NN,NN,AA,GG,AA,AA,NN,AA,AA,NN,NN,AA,NN,AA,AA,NN,NN,AG,AA,AA,AA,AA,AA,NN,AA,GG,AA,AA,NN,NN,AA,AA,AA,AA,AA,GG,NN,NN,AA,AA,NN,AA,AA,AA,AA,AA,NN,AA,NN,AA,AA,AA,AA,AA,NN,NN,AA,NN,AA,AA,AA,AA,AA,AA,AA,NN,AA,AA,AA,NN,AA,NN,NN,AA,NN,NN,AA,NN,NN,NN,NN,AA,NN,NN,NN,AA,NN,AG,AA,NN,NN,AA,NN,AA,NN,AA,AA,AA,AA,AA,AA,NN,NN,AA,AA,NN,NN,AA,NN,NN,AA,NN,NN,NN,NN,AA,NN,NN,NN,NN,NN,NN,NN,NN,AA,AA,NN,AA,NN,NN,AA,AA,NN,NN,NN,AA,AA,AA,AA,AA,AA,AA,NN,AA,NN,NN,AA,AA,NN,AA,NN,AA,NN,AG,NN,NN,NN,AA,NN,AA,NN,AA,NN,NN,NN,NN,AA,AA,NN,AA,NN,AA,AA,AA,AA,AA,NN,NN,NN,AA,NN,NN,NN,AG,NN,AA,NN,AA,NN,AA,AA,AA,NN,AA,NN,NN,AA,NN,AA,AA,AA,AA
101955410|F|0-11:G>T-11:G>T,G/T,11:G>T,11,NA,NA,NA,NA,NA,NA,NA,NN,TT,NN,NN,TT,NN,TT,TT,NN,TT,TT,NN,TT,TT,NN,NN,TT,TT,NN,NN,NN,TT,NN,NN,NN,NN,TT,NN,TT,TT,TT,TT,NN,NN,TT,NN,TT,GG,TT,TT,TT,TT,NN,TT,TT,TT,NN,NN,TT,NN,TT,NN,TT,NN,NN,TT,TT,TT,TT,TT,NN,NN,TT,NN,GG,NN,TT,TT,NN,NN,TT,NN,TT,TT,TT,TT,TT,TT,TT,TT,TT,TT,TT,NN,NN,NN,TT,NN,TT,NN,TT,NN,TT,TT,TT,TT,NN,TT,TT,NN,TT,TT,NN,TT,NN,NN,NN,NN,NN,NN,NN,NN,TT,TT,NN,TT,NN,NN,NN,TT,NN,TT,NN,TT,TT,TT,NN,TT,NN,TT,TT,TT,TT,NN,NN,NN,NN,NN,NN,TT,TT,NN,TT,TT,NN,NN,NN,NN,NN,NN,NN,NN,NN,TT,NN,TT,TT,TT,NN,NN,GG,NN,TT,NN,TT,NN,NN,TT,NN,NN,TT,TT,TT,TT,NN,TT,TT,TT,TT,TT,TT,NN,NN,TT,NN,NN,NN,TT,TT,TT,NN,TT,TT,NN,TT,TT,TT,TT,NN,TT,TT,NN,NN,NN,NN,TT,NN,NN,TT,TT,NN,NN,TT,NN,TT,TT,TT,NN,NN,TT,NN,TT,TT,TT,NN,TT,NN,TT,TT,NN,TT,NN,TT,TT,TT,TT,TT,TT,NN,NN,NN,NN,TT,TT,TT,TT,NN,NN,NN,TT,TT,NN,TT,NN,NN,NN,NN,TT,TT,NN,NN,TT,NN,NN,NN,TT,TT,TT,NN,NN,TT,TT,TT,TT,NN,TT,TT,NN,TT,NN,TT,TT,NN,NN,TT,TT,TT,NN,NN,NN,TT,TT,TT,TT,TT,TT,TT,TT,NN,TT,TT,NN,NN,TT,TT,TT,TT,TT,NN,NN,NN,TT,NN,TT,TT,TT,TT,TT,TT,NN,TT,TT,TT,TT,TT,TT,TT,TT,TT,NN,TT,TT,TT,NN,NN,NN,NN,NN,NN,TT,TT,NN,TT,NN,NN,TT,TT,TT,NN,TT,TT,NN,TT,TT,NN,NN,NN,NN,NN,NN,NN,TT,TT,NN,NN,TT,NN,TT,NN,NN,NN,TT,NN,NN,NN,NN,TT,NN,NN,NN,NN,NN,NN,NN,TT,NN,TT,NN,NN,TT,TT,NN,NN,NN,NN,NN,NN,NN,NN,NN,NN,NN,TT,NN,NN,NN,NN,TT,TT,NN,TT,TT,NN,TT,NN,NN,TT,TT,NN,NN,NN,NN,NN,NN,TT,NN,NN,TT,TT,TT,TT,NN,TT,NN,NN,TT,NN,NN,NN,TT,NN,TT,NN,NN,NN,NN,NN,TT,NN,NN,NN,NN,TT,NN,NN,TT,NN,TT,NN,NN,TT,NN,NN,NN,NN,NN,NN,NN,NN,TT,NN,TT,NN,TT,NN,TT,TT,TT,NN,TT,TT,NN,TT,TT,TT,TT,NN,NN
101955414|F|0-17:G>C-17:G>C,G/C,17:G>C,17,NA,NA,NA,NA,NA,NA,NA,GG,GG,NN,NN,GG,GG,GG,GG,GG,NN,GG,GG,GG,GG,GG,GG,GG,GG,GG,GG,GG,GG,GG,GG,GG,GG,GG,GG,GG,NN,NN,NN,NN,NN,NN,GG,GG,GG,GG,GG,GG,NN,GG,NN,GG,GG,GG,GG,GG,GG,GG,NN,GG,GG,GG,NN,GG,GG,GG,GG,GG,GG,GG,GG,GG,GG,GG,GG,NN,GG,GG,NN,GG,GG,GG,GG,GG,NN,GG,NN,GG,GG,GG,GG,NN,NN,GG,GG,GG,GG,NN,NN,GG,NN,NN,GG,NN,GG,GG,NN,GG,NN,NN,GG,GG,GG,NN,NN,NN,GG,NN,NN,GG,GG,GG,GG,GG,GG,GG,GG,GG,NN,NN,NN,GG,GG,GG,GG,CC,GG,GG,NN,GG,GG,NN,NN,GG,NN,NN,GG,NN,NN,GG,GG,NN,GG,GG,NN,GG,GG,GG,GG,NN,GG,GG,GG,GG,GG,GG,NN,GG,GG,GG,GG,GG,GG,NN,NN,CC,NN,GG,GG,GG,GG,NN,GG,GG,NN,GG,GG,NN,NN,GG,GG,GG,GG,NN,GG,GG,GG,NN,GG,NN,GG,NN,GG,GG,NN,NN,NN,GG,NN,GG,GG,GG,NN,NN,GG,GG,GG,NN,GG,NN,NN,GG,GG,GG,NN,NN,NN,NN,GG,GG,GG,NN,GG,NN,NN,GG,GG,GG,NN,GG,GG,GG,NN,GG,GG,NN,NN,GG,GG,GG,NN,GG,GG,GG,NN,GG,NN,NN,NN,GG,GG,GG,GG,NN,NN,NN,NN,NN,GG,GG,NN,GG,GG,GG,GG,GG,GG,GG,GG,GG,NN,NN,GG,GG,NN,NN,GG,NN,NN,GG,GG,NN,GG,NN,GG,GG,GG,GG,GG,NN,GG,GG,NN,NN,GG,NN,NN,GG,CC,GG,GG,GG,GG,GG,GG,GG,GG,GG,GG,NN,GG,GG,NN,GG,GG,GG,GG,NN,NN,GG,GG,GG,GG,GG,GG,GG,GG,GG,GG,NN,GG,GG,GG,GG,GG,GG,GG,GG,NN,NN,NN,GG,GG,NN,GG,NN,NN,GG,GG,NN,NN,GG,NN,GG,NN,NN,GG,NN,GG,GG,NN,GG,GG,NN,GG,GG,NN,GG,GG,NN,NN,GG,NN,GG,NN,NN,GG,CC,NN,NN,NN,GG,GG,GG,GG,NN,GG,GG,NN,NN,NN,NN,NN,GG,NN,NN,NN,NN,NN,NN,NN,GG,GG,NN,GG,GG,NN,GG,GG,NN,NN,NN,NN,GG,GG,NN,GG,CC,GG,GG,GG,NN,NN,GG,NN,NN,GG,NN,NN,GG,GG,NN,GG,NN,GG,NN,GG,NN,GG,NN,NN,CC,GG,CC,NN,CC,NN,CC,CC,GG,NN,NN,GG,NN,GG,GG,GG,GG,NN,CC,GG,NN,NN,NN,GG,NN,GG,NN,GG,NN,GG,NN,GG,GG,GG,CC,GG,NN,NN,GG,GG,GG,NN,NN,NN
